"";"NU_ANO_CEN";"SG_UF";"NO_MUNICIP";"CO_MUNICIP";"CO_DISTRIT";"NO_ENTIDAD";"CO_ENTIDAD";"TP_DEPENDE";"TP_LOCALIZ";"TP_LOCAL_1";"DS_ENDEREC";"NU_ENDEREC";"DS_COMPLEM";"NO_BAIRRO";"CO_CEP";"NU_DDD";"NU_TELEFON";"TP_SITUACA";"CO_ORGAO_R";"DT_ANO_LET";"DT_ANO_L_1";"VINCULO";"ADMINISTRA";"IN_CONVENI";"TP_CONVENI";"IN_INF_CRE";"QT_MAT_INF";"QT_MAT_I_1";"FONT_GEO";"LAT";"LONG";"geometry"
"1";2022;"PE";"Recife";2611606;261160605;"CRECHE ESC RECIFE BREJO DO BEBERIBE";26191822;"MUNICIPAL";"URBANA";"A ESCOLA NÃO ESTÁ EM ÁREA DE LOCALIZAÇÃO DIFERENCIADA";"AV OTACILIO AZEVEDO";"1184";NA;"VASCO DA GAMA";52081550;"81";"33554127";"EM ATIVIDADE";1;"04FEB2022:00:00:00";"23DEC2022:00:00:00";"SECRETARIA DE EDUCAÇÃO";"ADMINITRAÇÃO DIRETA/ PÚBLICA";NA;NA;"SIM";40;40;"GEOCODING";-8,0052156;-34,9153103;c(-34.9153103, -8.0052156)
"2";2022;"PE";"Recife";2611606;261160605;"CRECHE ESC RECIFE CRECHE ESCOLA DEPUTADO ALCIDES TEIXEIRA";26191679;"MUNICIPAL";"URBANA";"A ESCOLA NÃO ESTÁ EM ÁREA DE LOCALIZAÇÃO DIFERENCIADA";"AV NORTE MIGUEL ARRAES DE ALENCAR";"1193";NA;"SANTO AMARO";50040200;"81";"33554275";"EM ATIVIDADE";1;"04FEB2022:00:00:00";"23DEC2022:00:00:00";"SECRETARIA DE EDUCAÇÃO";"ADMINITRAÇÃO DIRETA/ PÚBLICA";NA;NA;"SIM";142;142;"GEOCODING";-8,0439014;-34,882799;c(-34.882799, -8.0439014)
"3";2022;"PE";"Recife";2611606;261160605;"CRECHE ESCOLA RECIFE ALTO DO MANDU";26190087;"MUNICIPAL";"URBANA";"A ESCOLA NÃO ESTÁ EM ÁREA DE LOCALIZAÇÃO DIFERENCIADA";"2ª TRAVESSA SIRIJI";"SN";NA;"MONTEIRO";52071319;"81";"33553853";"EM ATIVIDADE";1;"04FEB2022:00:00:00";"23DEC2022:00:00:00";"SECRETARIA DE EDUCAÇÃO";"ADMINITRAÇÃO DIRETA/ PÚBLICA";NA;NA;"SIM";82;82;"GEOCODING";-8,0595919;-34,9372109;c(-34.9372109, -8.0595919)
"4";2022;"PE";"Recife";2611606;261160605;"CRECHE ESC RECIFE MARIA LUZINETE DA COSTA";26191695;"MUNICIPAL";"URBANA";"A ESCOLA NÃO ESTÁ EM ÁREA DE LOCALIZAÇÃO DIFERENCIADA";"RUA TABAIARES";"190";NA;"ILHA DO RETIRO";50750230;"81";"33554361";"EM ATIVIDADE";1;"04FEB2022:00:00:00";"23DEC2022:00:00:00";"SECRETARIA DE EDUCAÇÃO";"ADMINITRAÇÃO DIRETA/ PÚBLICA";NA;NA;"SIM";60;60;"GEOCODING";-8,0655612;-34,9063223;c(-34.9063223, -8.0655612)
"5";2022;"PE";"Recife";2611606;261160605;"CRECHE ESC RECIFE SALETE MATIAS BORGES";26191687;"MUNICIPAL";"URBANA";"A ESCOLA NÃO ESTÁ EM ÁREA DE LOCALIZAÇÃO DIFERENCIADA";"AV LUXEMBURGO";"S/N";NA;"IMBIRIBEIRA";51180260;"81";"33553225";"EM ATIVIDADE";2;"04FEB2022:00:00:00";"23DEC2022:00:00:00";"SECRETARIA DE EDUCAÇÃO";"ADMINITRAÇÃO DIRETA/ PÚBLICA";NA;NA;"SIM";43;43;"GEOCODING";-8,1019853;-34,9146997;c(-34.9146997, -8.1019853)
"6";2022;"PE";"Recife";2611606;261160605;"CRECHE ESC RECIFE JOSE DE SOUZA FERRAZ";26190567;"MUNICIPAL";"URBANA";"A ESCOLA NÃO ESTÁ EM ÁREA DE LOCALIZAÇÃO DIFERENCIADA";"RUA JACUNDA";"573";NA;"IPSEP";51350080;"81";"33554167";"EM ATIVIDADE";2;"04MAR2022:00:00:00";"23DEC2022:00:00:00";"SECRETARIA DE EDUCAÇÃO";"ADMINITRAÇÃO DIRETA/ PÚBLICA";NA;NA;"SIM";107;107;"GEOCODING";-8,1104628;-34,9217228;c(-34.9217228, -8.1104628)
"7";2022;"PE";"Recife";2611606;261160605;"CRECHE ESC RECIFE DONA CARMELITA MUNIZ DE ARAUJO";26183285;"MUNICIPAL";"URBANA";"A ESCOLA NÃO ESTÁ EM ÁREA DE LOCALIZAÇÃO DIFERENCIADA";"EST MUMBECA";"100";NA;"GUABIRABA";52490005;"81";"34375595";"EM ATIVIDADE";1;"04FEB2022:00:00:00";"23DEC2022:00:00:00";"SECRETARIA DE EDUCAÇÃO";"ADMINITRAÇÃO DIRETA/ PÚBLICA";NA;NA;"SIM";58;58;"INEPDATA";-7,9649891;-34,9229994;c(-34.9229994, -7.9649891)
"8";2022;"PE";"Recife";2611606;261160605;"CRECHE MUNICIPAL FLOR DO BAIRRO DA GUABIRABA";26149842;"MUNICIPAL";"URBANA";"A ESCOLA NÃO ESTÁ EM ÁREA DE LOCALIZAÇÃO DIFERENCIADA";"RUA CASSITERITA";"S/N";NA;"BREJO DA GUABIRABA";52291140;"81";"33554842";"EM ATIVIDADE";1;"04FEB2022:00:00:00";"23DEC2022:00:00:00";"SECRETARIA DE EDUCAÇÃO";"ADMINITRAÇÃO DIRETA/ PÚBLICA";NA;NA;"SIM";35;35;"INEPDATA";-7,99305906;-34,93609691;c(-34.93609691, -7.99305906)
"9";2022;"PE";"Recife";2611606;261160605;"CRECHE MUNICIPAL NOSSA SENHORA DE FATIMA";26171660;"MUNICIPAL";"URBANA";"A ESCOLA NÃO ESTÁ EM ÁREA DE LOCALIZAÇÃO DIFERENCIADA";"RUA ALTO DO RESERVATORIO";"720";"BREJO GUAB";"NOVA DESCOBERTA";52091210;"81";"33553257";"EM ATIVIDADE";1;"04FEB2022:00:00:00";"23DEC2022:00:00:00";"SECRETARIA DE EDUCAÇÃO";"ADMINITRAÇÃO DIRETA/ PÚBLICA";NA;NA;"SIM";40;40;"INEPDATA";-7,99780045;-34,93403911;c(-34.93403911, -7.99780045)
"10";2022;"PE";"Recife";2611606;261160605;"CMEI CELESTE VIDAL";26175878;"MUNICIPAL";"URBANA";"A ESCOLA NÃO ESTÁ EM ÁREA DE LOCALIZAÇÃO DIFERENCIADA";"RUA GUABIRABA";"S/N";NA;"BREJO DA GUABIRABA";52291655;"81";"33550212";"EM ATIVIDADE";1;"04FEB2022:00:00:00";"23DEC2022:00:00:00";"SECRETARIA DE EDUCAÇÃO";"ADMINITRAÇÃO DIRETA/ PÚBLICA";NA;NA;"SIM";76;76;"INEPDATA";-7,9984563;-34,9584763;c(-34.9584763, -7.9984563)
"11";2022;"PE";"Recife";2611606;261160605;"CRECHE MUNICIPAL MONTE DAS OLIVEIRAS";26171651;"MUNICIPAL";"URBANA";"A ESCOLA NÃO ESTÁ EM ÁREA DE LOCALIZAÇÃO DIFERENCIADA";"RUA ALTO DA BRASILEIRA";"S/N";NA;"NOVA DESCOBERTA";52091260;"81";"33556278";"EM ATIVIDADE";1;"04FEB2022:00:00:00";"23DEC2022:00:00:00";"SECRETARIA DE EDUCAÇÃO";"ADMINITRAÇÃO DIRETA/ PÚBLICA";NA;NA;"SIM";24;24;"INEPDATA";-8,00066075;-34,93351582;c(-34.93351582, -8.00066075)
"12";2022;"PE";"Recife";2611606;261160605;"ESCOLA MUNICIPAL JOAO AMAZONAS";26171724;"MUNICIPAL";"URBANA";"A ESCOLA NÃO ESTÁ EM ÁREA DE LOCALIZAÇÃO DIFERENCIADA";"RUA BELA VISTA";"284";NA;"DOIS UNIDOS";52140340;"81";"33554513";"EM ATIVIDADE";1;"04FEB2022:00:00:00";"23DEC2022:00:00:00";"SECRETARIA DE EDUCAÇÃO";"ADMINITRAÇÃO DIRETA/ PÚBLICA";NA;NA;"SIM";40;40;"INEPDATA";-8,0022179;-34,9060768;c(-34.9060768, -8.0022179)
"13";2022;"PE";"Recife";2611606;261160605;"CRECHE MUNICIPAL TIA EMILIA";26157462;"MUNICIPAL";"URBANA";"A ESCOLA NÃO ESTÁ EM ÁREA DE LOCALIZAÇÃO DIFERENCIADA";"RUA PEDRO BATISTA";"S/N";NA;"DOIS UNIDOS";52150150;"81";"33556466";"EM ATIVIDADE";1;"04FEB2022:00:00:00";"23DEC2022:00:00:00";"SECRETARIA DE EDUCAÇÃO";"ADMINITRAÇÃO DIRETA/ PÚBLICA";NA;NA;"SIM";91;91;"INEPDATA";-8,00223536;-34,91447788;c(-34.91447788, -8.00223536)
"14";2022;"PE";"Recife";2611606;261160605;"CRECHE MUNICIPAL MERCIA MARIA BEZERRA COSTA";26183269;"MUNICIPAL";"URBANA";"A ESCOLA NÃO ESTÁ EM ÁREA DE LOCALIZAÇÃO DIFERENCIADA";"AV OTACILIO AZEVEDO";"1030";NA;"BREJO DE BEBERIBE";52081550;"81";"32324526";"EM ATIVIDADE";1;"04FEB2022:00:00:00";"23DEC2022:00:00:00";"SECRETARIA DE EDUCAÇÃO";"ADMINITRAÇÃO DIRETA/ PÚBLICA";NA;NA;"SIM";78;78;"INEPDATA";-8,0046343;-34,9148907;c(-34.9148907, -8.0046343)
"15";2022;"PE";"Recife";2611606;261160605;"CRECHE MUNICIPAL CAJUEIRO";26149761;"MUNICIPAL";"URBANA";"A ESCOLA NÃO ESTÁ EM ÁREA DE LOCALIZAÇÃO DIFERENCIADA";"RUA ALICE TIBIRICA";"453";NA;"CAJUEIRO";52221310;"81";"33556266";"EM ATIVIDADE";1;"04FEB2022:00:00:00";"23DEC2022:00:00:00";"SECRETARIA DE EDUCAÇÃO";"ADMINITRAÇÃO DIRETA/ PÚBLICA";NA;NA;"SIM";20;20;"INEPDATA";-8,00901036;-34,88351372;c(-34.88351372, -8.00901036)
"16";2022;"PE";"Recife";2611606;261160605;"CRECHE MUNICIPAL ZACARIAS DO REGO MACIEL";26149834;"MUNICIPAL";"URBANA";"A ESCOLA NÃO ESTÁ EM ÁREA DE LOCALIZAÇÃO DIFERENCIADA";"AV ANIBAL BENEVOLO";"1536";"A";"LINHA DO TIRO";52130220;"81";"33556925";"EM ATIVIDADE";1;"04FEB2022:00:00:00";"23DEC2022:00:00:00";"SECRETARIA DE EDUCAÇÃO";"ADMINITRAÇÃO DIRETA/ PÚBLICA";NA;NA;"SIM";77;77;"INEPDATA";-8,0101698;-34,9025427;c(-34.9025427, -8.0101698)
"17";2022;"PE";"Recife";2611606;261160605;"CRECHE MUNICIPAL CRIANCA FELIZ";26149788;"MUNICIPAL";"URBANA";"A ESCOLA NÃO ESTÁ EM ÁREA DE LOCALIZAÇÃO DIFERENCIADA";"RUA SA BANDEIRA";"S/N";NA;"ALTO JOSE BONIFACIO";52080365;"81";"33554826";"EM ATIVIDADE";1;"04FEB2022:00:00:00";"23DEC2022:00:00:00";"SECRETARIA DE EDUCAÇÃO";"ADMINITRAÇÃO DIRETA/ PÚBLICA";NA;NA;"SIM";75;75;"INEPDATA";-8,01206332;-34,91245094;c(-34.91245094, -8.01206332)
"18";2022;"PE";"Recife";2611606;261160605;"CRECHE ESC RECIFE PROFESSOR ARIANO VILAR SUASSUNA";26189224;"MUNICIPAL";"URBANA";"A ESCOLA NÃO ESTÁ EM ÁREA DE LOCALIZAÇÃO DIFERENCIADA";"EST MACACOS";"S/N";NA;"DOIS IRMAOS";52171900;"81";"33556300";"EM ATIVIDADE";1;"04FEB2022:00:00:00";"23DEC2022:00:00:00";"SECRETARIA DE EDUCAÇÃO";"ADMINITRAÇÃO DIRETA/ PÚBLICA";NA;NA;"SIM";84;84;"INEPDATA";-8,01258033;-34,94950759;c(-34.94950759, -8.01258033)
"19";2022;"PE";"Recife";2611606;261160605;"CRECHE MUNICIPAL MARDONIO COELHO";26149737;"MUNICIPAL";"URBANA";"A ESCOLA NÃO ESTÁ EM ÁREA DE LOCALIZAÇÃO DIFERENCIADA";"RUA MILTON DE CAMPOS";"S/N";NA;"VASCO DA GAMA";52081170;"81";"33553027";"EM ATIVIDADE";1;"04FEB2022:00:00:00";"23DEC2022:00:00:00";"SECRETARIA DE EDUCAÇÃO";"ADMINITRAÇÃO DIRETA/ PÚBLICA";NA;NA;"SIM";92;92;"INEPDATA";-8,0145863;-34,92303284;c(-34.92303284, -8.0145863)
"20";2022;"PE";"Recife";2611606;261160605;"CRECHE ESC RECIFE NOSSA SENHORA DAS DORES";26149796;"MUNICIPAL";"URBANA";"A ESCOLA NÃO ESTÁ EM ÁREA DE LOCALIZAÇÃO DIFERENCIADA";"RUA CAETES";"427";NA;"APIPUCOS";52071390;"81";"92841269";"EM ATIVIDADE";1;"04FEB2022:00:00:00";"23DEC2022:00:00:00";"SECRETARIA DE EDUCAÇÃO";"ADMINITRAÇÃO DIRETA/ PÚBLICA";NA;NA;"SIM";35;35;"INEPDATA";-8,0171588;-34,9370593;c(-34.9370593, -8.0171588)
"21";2022;"PE";"Recife";2611606;261160605;"CRECHE MUNICIPAL UNIDOS VENCEREMOS";26149826;"MUNICIPAL";"URBANA";"A ESCOLA NÃO ESTÁ EM ÁREA DE LOCALIZAÇÃO DIFERENCIADA";"RUA CORREGO JOSE GRANDE";"126A";NA;"ALTO SANTA TEREZINHA";52080040;"81";"33554368";"EM ATIVIDADE";1;"04FEB2022:00:00:00";"23DEC2022:00:00:00";"SECRETARIA DE EDUCAÇÃO";"ADMINITRAÇÃO DIRETA/ PÚBLICA";NA;NA;"SIM";120;120;"INEPDATA";-8,01837211;-34,91027991;c(-34.91027991, -8.01837211)
"22";2022;"PE";"Recife";2611606;261160605;"CRECHE MUNICIPAL WALDEMAR DE SOUZA CABRAL";26149850;"MUNICIPAL";"URBANA";"A ESCOLA NÃO ESTÁ EM ÁREA DE LOCALIZAÇÃO DIFERENCIADA";"RUA ANTONIO MEIRA";"73";NA;"AGUA FRIA";52111620;"81";"33556849";"EM ATIVIDADE";1;"04FEB2022:00:00:00";"23DEC2022:00:00:00";"SECRETARIA DE EDUCAÇÃO";"ADMINITRAÇÃO DIRETA/ PÚBLICA";NA;NA;"SIM";19;19;"INEPDATA";-8,01883993;-34,90278022;c(-34.90278022, -8.01883993)
"23";2022;"PE";"Recife";2611606;261160605;"CRECHE MUNICIPAL AME AS CRIANCAS";26149869;"MUNICIPAL";"URBANA";"A ESCOLA NÃO ESTÁ EM ÁREA DE LOCALIZAÇÃO DIFERENCIADA";"RUA ARLINDO CISNEIRO";"53";NA;"ALTO SANTA TEREZINHA";52111175;"81";"33553208";"EM ATIVIDADE";1;"04FEB2022:00:00:00";"23DEC2022:00:00:00";"SECRETARIA DE EDUCAÇÃO";"ADMINITRAÇÃO DIRETA/ PÚBLICA";NA;NA;"SIM";41;41;"INEPDATA";-8,0190612;-34,90829608;c(-34.90829608, -8.0190612)
"24";2022;"PE";"Recife";2611606;261160605;"CRECHE MUNICIPAL SAO JOAO";26149923;"MUNICIPAL";"URBANA";"A ESCOLA NÃO ESTÁ EM ÁREA DE LOCALIZAÇÃO DIFERENCIADA";"RUA DOLCINOPOLIS";"50";NA;"MACAXEIRA";52071430;"81";"33554360";"EM ATIVIDADE";1;"04FEB2022:00:00:00";"23DEC2022:00:00:00";"SECRETARIA DE EDUCAÇÃO";"ADMINITRAÇÃO DIRETA/ PÚBLICA";NA;NA;"SIM";69;69;"INEPDATA";-8,01967809;-34,93034956;c(-34.93034956, -8.01967809)
"25";2022;"PE";"Recife";2611606;261160605;"CRECHE MUNICIPAL FLOR DA COMUNIDADE";26149770;"MUNICIPAL";"URBANA";"A ESCOLA NÃO ESTÁ EM ÁREA DE LOCALIZAÇÃO DIFERENCIADA";"EST MORRO DA CONCEICAO";"111";NA;"MORRO DA CONCEICAO";52280040;"81";"33554838";"EM ATIVIDADE";1;"04FEB2022:00:00:00";"23DEC2022:00:00:00";"SECRETARIA DE EDUCAÇÃO";"ADMINITRAÇÃO DIRETA/ PÚBLICA";NA;NA;"SIM";48;48;"INEPDATA";-8,0210468;-34,9124405;c(-34.9124405, -8.0210468)
"26";2022;"PE";"Recife";2611606;261160605;"CRECHE MUNICIPAL VILA IMPERIAL";26181274;"MUNICIPAL";"URBANA";"A ESCOLA NÃO ESTÁ EM ÁREA DE LOCALIZAÇÃO DIFERENCIADA";"AV PEDRO DE MELO PEDROZA";"10";NA;"ARRUDA";52120350;"81";"33554999";"EM ATIVIDADE";1;"04FEB2022:00:00:00";"23DEC2022:00:00:00";"SECRETARIA DE EDUCAÇÃO";"ADMINITRAÇÃO DIRETA/ PÚBLICA";NA;NA;"SIM";78;78;"INEPDATA";-8,02448699;-34,88636031;c(-34.88636031, -8.02448699)
"27";2022;"PE";"Recife";2611606;261160605;"CMEI CREUSA ARCOVERDE DE FREITAS CAVALCANTI";26149800;"MUNICIPAL";"URBANA";"A ESCOLA NÃO ESTÁ EM ÁREA DE LOCALIZAÇÃO DIFERENCIADA";"RUA NABUCO";"S/N";NA;"CASA AMARELA";52070010;"81";"33553902";"EM ATIVIDADE";1;"04FEB2022:00:00:00";"23DEC2022:00:00:00";"SECRETARIA DE EDUCAÇÃO";"ADMINITRAÇÃO DIRETA/ PÚBLICA";NA;NA;"SIM";89;89;"INEPDATA";-8,02809264;-34,91886944;c(-34.91886944, -8.02809264)
"28";2022;"PE";"Recife";2611606;261160605;"CRECHE ESCOLA RECIFE MIGUEL ARRAES DE ALENCAR";26186926;"MUNICIPAL";"URBANA";"A ESCOLA NÃO ESTÁ EM ÁREA DE LOCALIZAÇÃO DIFERENCIADA";"RUA ARISTONICO OLIVEIRA";"189";NA;"IPUTINGA";50690490;"81";"34549034";"EM ATIVIDADE";2;"04FEB2022:00:00:00";"23DEC2022:00:00:00";"SECRETARIA DE EDUCAÇÃO";"ADMINITRAÇÃO DIRETA/ PÚBLICA";NA;NA;"SIM";61;61;"INEPDATA";-8,02942709;-34,94082475;c(-34.94082475, -8.02942709)
"29";2022;"PE";"Recife";2611606;261160605;"CRECHE MUNICIPAL CASINHA AZUL";26157489;"MUNICIPAL";"URBANA";"A ESCOLA NÃO ESTÁ EM ÁREA DE LOCALIZAÇÃO DIFERENCIADA";"RUA MATEUS";"S/N";NA;"IPUTINGA";50731370;"81";"33556913";"EM ATIVIDADE";2;"04FEB2022:00:00:00";"23DEC2022:00:00:00";"SECRETARIA DE EDUCAÇÃO";"ADMINITRAÇÃO DIRETA/ PÚBLICA";NA;NA;"SIM";128;128;"INEPDATA";-8,02999525;-34,93430369;c(-34.93430369, -8.02999525)
"30";2022;"PE";"Recife";2611606;261160605;"CRECHE MUNICIPAL ROSA SELVAGEM";26153114;"MUNICIPAL";"URBANA";"A ESCOLA NÃO ESTÁ EM ÁREA DE LOCALIZAÇÃO DIFERENCIADA";"RUA PORTO SEGURO";"470";"UR7";"VARZEA";50970165;"81";"33553220";"EM ATIVIDADE";2;"04FEB2022:00:00:00";"23DEC2022:00:00:00";"SECRETARIA DE EDUCAÇÃO";"ADMINITRAÇÃO DIRETA/ PÚBLICA";NA;NA;"SIM";57;57;"INEPDATA";-8,03182671;-34,9777532;c(-34.9777532, -8.03182671)
"31";2022;"PE";"Recife";2611606;261160605;"CMEI SEMENTINHA DO SKYLAB";26153246;"MUNICIPAL";"URBANA";"A ESCOLA NÃO ESTÁ EM ÁREA DE LOCALIZAÇÃO DIFERENCIADA";"RUA SAO JOAO DA LAGOA";"SN";NA;"IPUTINGA";50680785;"81";"33553680";"EM ATIVIDADE";2;"04FEB2022:00:00:00";"23DEC2022:00:00:00";"SECRETARIA DE EDUCAÇÃO";"ADMINITRAÇÃO DIRETA/ PÚBLICA";NA;NA;"SIM";61;61;"INEPDATA";-8,03270673;-34,92840267;c(-34.92840267, -8.03270673)
"32";2022;"PE";"Recife";2611606;261160605;"CRECHE MUNICIPAL LUA LUAR";26413779;"MUNICIPAL";"URBANA";"A ESCOLA NÃO ESTÁ EM ÁREA DE LOCALIZAÇÃO DIFERENCIADA";"REF DA AV MAURICIO DE NASSAU";"42";NA;"IPUTINGA";50711445;"81";"33556807";"EM ATIVIDADE";2;"04FEB2022:00:00:00";"23DEC2022:00:00:00";"SECRETARIA DE EDUCAÇÃO";"ADMINITRAÇÃO DIRETA/ PÚBLICA";NA;NA;"SIM";69;69;"INEPDATA";-8,0384105;-34,9308032;c(-34.9308032, -8.0384105)
"33";2022;"PE";"Recife";2611606;261160605;"CRECHE ESC RECIFE MENINO JESUS DE CASA FORTE";26149338;"MUNICIPAL";"URBANA";"A ESCOLA NÃO ESTÁ EM ÁREA DE LOCALIZAÇÃO DIFERENCIADA";"RUA SAMUEL FARIAS";"127";NA;"SANTANA";52060430;"81";"32696094";"EM ATIVIDADE";1;"04FEB2022:00:00:00";"23DEC2022:00:00:00";"SECRETARIA DE EDUCAÇÃO";"ADMINITRAÇÃO DIRETA/ PÚBLICA";NA;NA;"SIM";151;151;"INEPDATA";-8,03888315;-34,91514946;c(-34.91514946, -8.03888315)
"34";2022;"PE";"Recife";2611606;261160605;"CRECHE MUNICIPAL SAO DOMINGOS SAVIO";26149753;"MUNICIPAL";"URBANA";"A ESCOLA NÃO ESTÁ EM ÁREA DE LOCALIZAÇÃO DIFERENCIADA";"RUA CASADOS";"164";NA;"SANTO AMARO";50110520;"81";"33554862";"EM ATIVIDADE";1;"04FEB2022:00:00:00";"23DEC2022:00:00:00";"SECRETARIA DE EDUCAÇÃO";"ADMINITRAÇÃO DIRETA/ PÚBLICA";NA;NA;"SIM";30;30;"INEPDATA";-8,0397439;-34,8740132;c(-34.8740132, -8.0397439)
"35";2022;"PE";"Recife";2611606;261160605;"CRECHE MUNICIPAL JOAO EUGENIO";26157578;"MUNICIPAL";"URBANA";"A ESCOLA NÃO ESTÁ EM ÁREA DE LOCALIZAÇÃO DIFERENCIADA";"RUA GASPAR PEREZ";"3895";NA;"IPUTINGA";50670350;"81";"33553948";"EM ATIVIDADE";2;"04FEB2022:00:00:00";"23DEC2022:00:00:00";"SECRETARIA DE EDUCAÇÃO";"ADMINITRAÇÃO DIRETA/ PÚBLICA";NA;NA;"SIM";108;108;"INEPDATA";-8,04014381;-34,94045347;c(-34.94045347, -8.04014381)
"36";2022;"PE";"Recife";2611606;261160605;"CRECHE MUNICIPAL E LUTANDO QUE SE CONQUISTA";26153408;"MUNICIPAL";"URBANA";"A ESCOLA NÃO ESTÁ EM ÁREA DE LOCALIZAÇÃO DIFERENCIADA";"RUA SALVADOR ALLENDE";"36";NA;"CORDEIRO";50711480;"81";"33554834";"EM ATIVIDADE";2;"04FEB2022:00:00:00";"23DEC2022:00:00:00";"SECRETARIA DE EDUCAÇÃO";"ADMINITRAÇÃO DIRETA/ PÚBLICA";NA;NA;"SIM";90;90;"INEPDATA";-8,0417941;-34,9257837;c(-34.9257837, -8.0417941)
"37";2022;"PE";"Recife";2611606;261160605;"CRECHE MUNICIPAL MENINO JESUS DA BOMBA GRANDE";26153416;"MUNICIPAL";"URBANA";"A ESCOLA NÃO ESTÁ EM ÁREA DE LOCALIZAÇÃO DIFERENCIADA";"RUA FERNANDO FURTADO";"479";"IPUTINGA";"IPUTINGA";50731020;"81";"33553227";"EM ATIVIDADE";2;"04FEB2022:00:00:00";"23DEC2022:00:00:00";"SECRETARIA DE EDUCAÇÃO";"ADMINITRAÇÃO DIRETA/ PÚBLICA";NA;NA;"SIM";64;64;"INEPDATA";-8,0418976;-34,928047;c(-34.928047, -8.0418976)
"38";2022;"PE";"Recife";2611606;261160605;"CRECHE MUNICIPAL IRMA DULCE";26181932;"MUNICIPAL";"URBANA";"A ESCOLA NÃO ESTÁ EM ÁREA DE LOCALIZAÇÃO DIFERENCIADA";"RUA ADALGISA";"9";NA;"ESPINHEIRO";52021110;"81";"33554295";"EM ATIVIDADE";1;"04FEB2022:00:00:00";"23DEC2022:00:00:00";"SECRETARIA DE EDUCAÇÃO";"ADMINITRAÇÃO DIRETA/ PÚBLICA";NA;NA;"SIM";65;65;"INEPDATA";-8,0420922;-34,887664;c(-34.887664, -8.0420922)
"39";2022;"PE";"Recife";2611606;261160605;"CMEI COELHINHO PENSANTE";26419742;"MUNICIPAL";"URBANA";"A ESCOLA NÃO ESTÁ EM ÁREA DE LOCALIZAÇÃO DIFERENCIADA";"RUA VIRGILIO DE MEDEIROS";"S/N";NA;"SANTO AMARO";50110400;"81";"33554340";"EM ATIVIDADE";1;"04FEB2022:00:00:00";"23DEC2022:00:00:00";"SECRETARIA DE EDUCAÇÃO";"ADMINITRAÇÃO DIRETA/ PÚBLICA";NA;NA;"SIM";39;39;"INEPDATA";-8,0427151;-34,8782763;c(-34.8782763, -8.0427151)
"40";2022;"PE";"Recife";2611606;261160605;"CRECHE ESC RECIFE ASSOCIACAO CRISTA FEMININA";26123185;"MUNICIPAL";"URBANA";"A ESCOLA NÃO ESTÁ EM ÁREA DE LOCALIZAÇÃO DIFERENCIADA";"RUA VERMELHA";"68";NA;"TORRE";50710220;"81";"33553869";"EM ATIVIDADE";2;"04FEB2022:00:00:00";"23DEC2022:00:00:00";"SECRETARIA DE EDUCAÇÃO";"ADMINITRAÇÃO DIRETA/ PÚBLICA";NA;NA;"SIM";85;85;"INEPDATA";-8,0429264;-34,9091842;c(-34.9091842, -8.0429264)
"41";2022;"PE";"Recife";2611606;261160605;"CRECHE MUNICIPAL DA TORRE";26156750;"MUNICIPAL";"URBANA";"A ESCOLA NÃO ESTÁ EM ÁREA DE LOCALIZAÇÃO DIFERENCIADA";"RUA CANTORA CLARA NUNES";"S/N";NA;"TORRE";50711550;"81";"33553334";"EM ATIVIDADE";2;"04FEB2022:00:00:00";"23DEC2022:00:00:00";"SECRETARIA DE EDUCAÇÃO";"ADMINITRAÇÃO DIRETA/ PÚBLICA";NA;NA;"SIM";137;137;"INEPDATA";-8,0446497;-34,9173648;c(-34.9173648, -8.0446497)
"42";2022;"PE";"Recife";2611606;261160605;"CRECHE MUNICIPAL PROFESSOR FRANCISCO DO AMARAL LOPES";26158701;"MUNICIPAL";"URBANA";"A ESCOLA NÃO ESTÁ EM ÁREA DE LOCALIZAÇÃO DIFERENCIADA";"AV AGAMENON MAGALHAES";"S/N";NA;"SANTO AMARO";50100010;"81";"33553572";"EM ATIVIDADE";1;"04FEB2022:00:00:00";"23DEC2022:00:00:00";"SECRETARIA DE EDUCAÇÃO";"ADMINITRAÇÃO DIRETA/ PÚBLICA";NA;NA;"SIM";107;107;"INEPDATA";-8,0450695;-34,8885716;c(-34.8885716, -8.0450695)
"43";2022;"PE";"Recife";2611606;261160605;"CRECHE ESC RECIFE SANTA LUZIA";26153335;"MUNICIPAL";"URBANA";"A ESCOLA NÃO ESTÁ EM ÁREA DE LOCALIZAÇÃO DIFERENCIADA";"RUA SOUZA BANDEIRA";"S/N";NA;"TORRE";50711525;"81";"33556824";"EM ATIVIDADE";2;"04FEB2022:00:00:00";"23DEC2022:00:00:00";"SECRETARIA DE EDUCAÇÃO";"ADMINITRAÇÃO DIRETA/ PÚBLICA";NA;NA;"SIM";61;61;"INEPDATA";-8,045243;-34,9164807;c(-34.9164807, -8.045243)
"44";2022;"PE";"Recife";2611606;261160605;"CMEI DARCY RIBEIRO";26182815;"MUNICIPAL";"URBANA";"A ESCOLA NÃO ESTÁ EM ÁREA DE LOCALIZAÇÃO DIFERENCIADA";"RUA ODETE MONTEIRO";"450";NA;"CORDEIRO";50711440;"81";"32366048";"EM ATIVIDADE";2;"04FEB2022:00:00:00";"23DEC2022:00:00:00";"SECRETARIA DE EDUCAÇÃO";"ADMINITRAÇÃO DIRETA/ PÚBLICA";NA;NA;"SIM";98;98;"INEPDATA";-8,04541094;-34,92064274;c(-34.92064274, -8.04541094)
"45";2022;"PE";"Recife";2611606;261160605;"CRECHE ESC RECIFE SITIO DO CARDOSO";26156628;"MUNICIPAL";"URBANA";"A ESCOLA NÃO ESTÁ EM ÁREA DE LOCALIZAÇÃO DIFERENCIADA";"RUA LANDIM";"390";NA;"MADALENA";50710485;"81";"33554025";"EM ATIVIDADE";2;"04FEB2022:00:00:00";"23DEC2022:00:00:00";"SECRETARIA DE EDUCAÇÃO";"ADMINITRAÇÃO DIRETA/ PÚBLICA";NA;NA;"SIM";75;75;"INEPDATA";-8,04920772;-34,91274978;c(-34.91274978, -8.04920772)
"46";2022;"PE";"Recife";2611606;261160605;"CRECHE MUNICIPAL WALDIR SAVLUSCHINSKE";26153351;"MUNICIPAL";"URBANA";"A ESCOLA NÃO ESTÁ EM ÁREA DE LOCALIZAÇÃO DIFERENCIADA";"RUA ALVARO TEIXEIRA DE MESQUITA";"S/N";NA;"ENGENHO DO MEIO";50730660;"81";"33554090";"EM ATIVIDADE";2;"04FEB2022:00:00:00";"23DEC2022:00:00:00";"SECRETARIA DE EDUCAÇÃO";"ADMINITRAÇÃO DIRETA/ PÚBLICA";NA;NA;"SIM";142;142;"INEPDATA";-8,0504129;-34,9394347;c(-34.9394347, -8.0504129)
"47";2022;"PE";"Recife";2611606;261160605;"CRECHE MUNICIPAL RODA DE FOGO";26156849;"MUNICIPAL";"URBANA";"A ESCOLA NÃO ESTÁ EM ÁREA DE LOCALIZAÇÃO DIFERENCIADA";"RUA OCIDENTAL";"33";"CASA";"CORDEIRO";50721610;"81";"33556931";"EM ATIVIDADE";2;"04FEB2022:00:00:00";"23DEC2022:00:00:00";"SECRETARIA DE EDUCAÇÃO";"ADMINITRAÇÃO DIRETA/ PÚBLICA";NA;NA;"SIM";61;61;"INEPDATA";-8,05247715;-34,93386711;c(-34.93386711, -8.05247715)
"48";2022;"PE";"Recife";2611606;261160605;"CRECHE MUNICIPAL CEAPE";26149214;"MUNICIPAL";"URBANA";"A ESCOLA NÃO ESTÁ EM ÁREA DE LOCALIZAÇÃO DIFERENCIADA";"RUA COSTA SEPULVEDA";"415";"A";"ENGENHO DO MEIO";50730265;"81";"33554336";"EM ATIVIDADE";2;"04FEB2022:00:00:00";"23DEC2022:00:00:00";"SECRETARIA DE EDUCAÇÃO";"ADMINITRAÇÃO DIRETA/ PÚBLICA";NA;NA;"SIM";112;112;"INEPDATA";-8,05406186;-34,94087664;c(-34.94087664, -8.05406186)
"49";2022;"PE";"Recife";2611606;261160605;"CMEI DOUTOR ALBERICO DORNELAS CAMARA";26443716;"MUNICIPAL";"URBANA";"A ESCOLA NÃO ESTÁ EM ÁREA DE LOCALIZAÇÃO DIFERENCIADA";"REF CAIS DO APOLO";"925";NA;"RECIFE";50030903;"81";"33559216";"EM ATIVIDADE";1;"04FEB2022:00:00:00";"23DEC2022:00:00:00";"SECRETARIA DE EDUCAÇÃO";"ADMINITRAÇÃO DIRETA/ PÚBLICA";NA;NA;"SIM";69;69;"INEPDATA";-8,0545923;-34,8724585;c(-34.8724585, -8.0545923)
"50";2022;"PE";"Recife";2611606;261160605;"CMEI ALCIDES RESTELLI TEDESCO";26181835;"MUNICIPAL";"URBANA";"A ESCOLA NÃO ESTÁ EM ÁREA DE LOCALIZAÇÃO DIFERENCIADA";"RUA FAUSTO CARDOSO";"653";NA;"MADALENA";50720310;"81";"33011836";"EM ATIVIDADE";2;"04FEB2022:00:00:00";"23DEC2022:00:00:00";"SECRETARIA DE EDUCAÇÃO";"ADMINITRAÇÃO DIRETA/ PÚBLICA";NA;NA;"SIM";122;122;"INEPDATA";-8,0547252;-34,9148308;c(-34.9148308, -8.0547252)
"51";2022;"PE";"Recife";2611606;261160605;"CRECHE MUNICIPAL VINDE A MIM AS CRIANCINHAS";26157560;"MUNICIPAL";"URBANA";"A ESCOLA NÃO ESTÁ EM ÁREA DE LOCALIZAÇÃO DIFERENCIADA";"RUA EDEIA";"89";NA;"MADALENA";50720290;"81";"33554870";"EM ATIVIDADE";2;"04FEB2022:00:00:00";"23DEC2022:00:00:00";"SECRETARIA DE EDUCAÇÃO";"ADMINITRAÇÃO DIRETA/ PÚBLICA";NA;NA;"SIM";39;39;"INEPDATA";-8,0558908;-34,91287018;c(-34.91287018, -8.0558908)
"52";2022;"PE";"Recife";2611606;261160605;"CMEI ANA ROSA FALCAO DE CARVALHO";26122022;"MUNICIPAL";"URBANA";"A ESCOLA NÃO ESTÁ EM ÁREA DE LOCALIZAÇÃO DIFERENCIADA";"RUA JOAO LIRA";"S/N";NA;"SANTO AMARO";50050550;"81";"33556546";"EM ATIVIDADE";1;"04FEB2022:00:00:00";"23DEC2022:00:00:00";"SECRETARIA DE EDUCAÇÃO";"ADMINITRAÇÃO DIRETA/ PÚBLICA";NA;NA;"SIM";38;38;"INEPDATA";-8,0559904;-34,8800954;c(-34.8800954, -8.0559904)
"53";2022;"PE";"Recife";2611606;261160605;"CMEI PROFESSOR PAULO ROSAS";26212412;"MUNICIPAL";"URBANA";"A ESCOLA NÃO ESTÁ EM ÁREA DE LOCALIZAÇÃO DIFERENCIADA";"AV LUIZ FREIRE";"SN";NA;"CIDADE UNIVERSITARIA";50740545;"81";"21267073";"EM ATIVIDADE";2;"04FEB2022:00:00:00";"23DEC2022:00:00:00";"SECRETARIA DE EDUCAÇÃO";"ADMINITRAÇÃO DIRETA/ PÚBLICA";NA;NA;"SIM";78;78;"INEPDATA";-8,05635656;-34,95617972;c(-34.95617972, -8.05635656)
"54";2022;"PE";"Recife";2611606;261160605;"CRECHE ESC RECIFE DO PILAR";26190818;"MUNICIPAL";"URBANA";"A ESCOLA NÃO ESTÁ EM ÁREA DE LOCALIZAÇÃO DIFERENCIADA";"RUA OCIDENTE";"S/N";NA;"RECIFE";50030420;"81";"33554082";"EM ATIVIDADE";1;"04FEB2022:00:00:00";"23DEC2022:00:00:00";"SECRETARIA DE EDUCAÇÃO";"ADMINITRAÇÃO DIRETA/ PÚBLICA";NA;NA;"SIM";85;85;"INEPDATA";-8,05708372;-34,87100227;c(-34.87100227, -8.05708372)
"55";2022;"PE";"Recife";2611606;261160605;"CRECHE ESC RECIFE MIGUEL ARRAES RODA DE FOGO";26190362;"MUNICIPAL";"URBANA";"A ESCOLA NÃO ESTÁ EM ÁREA DE LOCALIZAÇÃO DIFERENCIADA";"AV ABDIAS DE CARVALHO";"S/N";NA;"TORROES";50660330;"81";"33553231";"EM ATIVIDADE";1;"04FEB2022:00:00:00";"23DEC2022:00:00:00";"SECRETARIA DE EDUCAÇÃO";"ADMINITRAÇÃO DIRETA/ PÚBLICA";NA;NA;"SIM";113;113;"INEPDATA";-8,059495;-34,93749667;c(-34.93749667, -8.059495)
"56";2022;"PE";"Recife";2611606;261160605;"CRECHE MUNICIPAL DEUS E AMOR";26153319;"MUNICIPAL";"URBANA";"A ESCOLA NÃO ESTÁ EM ÁREA DE LOCALIZAÇÃO DIFERENCIADA";"RUA EPAMINONDAS CRISTOVAO DE OLIVEIRA";"395";NA;"TORROES";50640520;"81";"33556274";"EM ATIVIDADE";2;"04FEB2022:00:00:00";"23DEC2022:00:00:00";"SECRETARIA DE EDUCAÇÃO";"ADMINITRAÇÃO DIRETA/ PÚBLICA";NA;NA;"SIM";82;82;"INEPDATA";-8,06123787;-34,93602311;c(-34.93602311, -8.06123787)
"57";2022;"PE";"Recife";2611606;261160605;"CRECHE ESC RECIFE PORTO DIGITAL DO RECIFE";26190060;"MUNICIPAL";"URBANA";"A ESCOLA NÃO ESTÁ EM ÁREA DE LOCALIZAÇÃO DIFERENCIADA";"RUA MARIA CESAR";"50";NA;"RECIFE";50030140;"81";"33556338";"EM ATIVIDADE";1;"04FEB2022:00:00:00";"23DEC2022:00:00:00";"SECRETARIA DE EDUCAÇÃO";"ADMINITRAÇÃO DIRETA/ PÚBLICA";NA;NA;"SIM";48;48;"INEPDATA";-8,06441058;-34,87228596;c(-34.87228596, -8.06441058)
"58";2022;"PE";"Recife";2611606;261160605;"CRECHE MUNICIPAL NOSSA SENHORA AUXILIADORA";26153300;"MUNICIPAL";"URBANA";"A ESCOLA NÃO ESTÁ EM ÁREA DE LOCALIZAÇÃO DIFERENCIADA";"RUA ANTONIO CORREA DE OLIVEIRA";"669";NA;"TORROES";50761110;"81";"33554858";"EM ATIVIDADE";2;"04FEB2022:00:00:00";"23DEC2022:00:00:00";"SECRETARIA DE EDUCAÇÃO";"ADMINITRAÇÃO DIRETA/ PÚBLICA";NA;NA;"SIM";40;40;"INEPDATA";-8,06664277;-34,93384022;c(-34.93384022, -8.06664277)
"59";2022;"PE";"Recife";2611606;261160605;"CRECHE MUNICIPAL DO BONGI";26156725;"MUNICIPAL";"URBANA";"A ESCOLA NÃO ESTÁ EM ÁREA DE LOCALIZAÇÃO DIFERENCIADA";"RUA MARIO PORTELA";"S/N";NA;"BONGI";50751070;"81";"33554806";"EM ATIVIDADE";2;"04FEB2022:00:00:00";"23DEC2022:00:00:00";"SECRETARIA DE EDUCAÇÃO";"ADMINITRAÇÃO DIRETA/ PÚBLICA";NA;NA;"SIM";63;63;"INEPDATA";-8,0668246;-34,9153493;c(-34.9153493, -8.0668246)
"60";2022;"PE";"Recife";2611606;261160605;"CRECHE MUNICIPAL ESPERANCA";26170736;"MUNICIPAL";"URBANA";"A ESCOLA NÃO ESTÁ EM ÁREA DE LOCALIZAÇÃO DIFERENCIADA";"RUA LEILA FELIX KARAM";"S/N";NA;"TORROES";50761200;"81";"33556906";"EM ATIVIDADE";2;"04FEB2022:00:00:00";"23DEC2022:00:00:00";"SECRETARIA DE EDUCAÇÃO";"ADMINITRAÇÃO DIRETA/ PÚBLICA";NA;NA;"SIM";121;121;"INEPDATA";-8,06685234;-34,93656183;c(-34.93656183, -8.06685234)
"61";2022;"PE";"Recife";2611606;261160605;"CRECHE MUNICIPAL VOVO ARTUR";26149818;"MUNICIPAL";"URBANA";"A ESCOLA NÃO ESTÁ EM ÁREA DE LOCALIZAÇÃO DIFERENCIADA";"RUA COELHOS";"S/N";NA;"COELHOS";50060670;"81";"33554372";"EM ATIVIDADE";1;"04FEB2022:00:00:00";"23DEC2022:00:00:00";"SECRETARIA DE EDUCAÇÃO";"ADMINITRAÇÃO DIRETA/ PÚBLICA";NA;NA;"SIM";100;100;"INEPDATA";-8,06915463;-34,89109013;c(-34.89109013, -8.06915463)
"62";2022;"PE";"Recife";2611606;261160605;"CRECHE ESC RECIFE SERGIO LORETO";26190575;"MUNICIPAL";"URBANA";"A ESCOLA NÃO ESTÁ EM ÁREA DE LOCALIZAÇÃO DIFERENCIADA";"RUA FLORIANO PEIXOTO";"1";NA;"SAO JOSE";50020068;"81";"33553228";"EM ATIVIDADE";2;"04FEB2022:00:00:00";"23DEC2022:00:00:00";"SECRETARIA DE EDUCAÇÃO";"ADMINITRAÇÃO DIRETA/ PÚBLICA";NA;NA;"SIM";63;63;"INEPDATA";-8,07110983;-34,88594123;c(-34.88594123, -8.07110983)
"63";2022;"PE";"Recife";2611606;261160605;"CMEI MAEZINHA DO COQUE";26149931;"MUNICIPAL";"URBANA";"A ESCOLA NÃO ESTÁ EM ÁREA DE LOCALIZAÇÃO DIFERENCIADA";"RUA GUAPIRAMA";"S/N";NA;"ILHA JOANA BEZERRA";50080730;"81";"32322220";"EM ATIVIDADE";2;"04FEB2022:00:00:00";"23DEC2022:00:00:00";"SECRETARIA DE EDUCAÇÃO";"ADMINITRAÇÃO DIRETA/ PÚBLICA";NA;NA;"SIM";141;141;"INEPDATA";-8,07178573;-34,89993293;c(-34.89993293, -8.07178573)
"64";2022;"PE";"Recife";2611606;261160605;"CRECHE MUNICIPAL NOVO HORIZONTE";26153394;"MUNICIPAL";"URBANA";"A ESCOLA NÃO ESTÁ EM ÁREA DE LOCALIZAÇÃO DIFERENCIADA";"RUA JOSE BEZERRA CAVALCANTE";"244";NA;"MUSTARDINHA";50760370;"81";"33556282";"EM ATIVIDADE";2;"04FEB2022:00:00:00";"23DEC2022:00:00:00";"SECRETARIA DE EDUCAÇÃO";"ADMINITRAÇÃO DIRETA/ PÚBLICA";NA;NA;"SIM";60;60;"INEPDATA";-8,0721681;-34,9211146;c(-34.9211146, -8.0721681)
"65";2022;"PE";"Recife";2611606;261160605;"CRECHE MUNICIPAL FUTURO DO AMANHA";26153254;"MUNICIPAL";"URBANA";"A ESCOLA NÃO ESTÁ EM ÁREA DE LOCALIZAÇÃO DIFERENCIADA";"RUA APULCRO DE ASSUNCAO";"686";"CASA";"SAN MARTIN";50761010;"81";"33554344";"EM ATIVIDADE";2;"04FEB2022:00:00:00";"31DEC2022:00:00:00";"SECRETARIA DE EDUCAÇÃO";"ADMINITRAÇÃO DIRETA/ PÚBLICA";NA;NA;"SIM";76;76;"INEPDATA";-8,07297378;-34,92965072;c(-34.92965072, -8.07297378)
"66";2022;"PE";"Recife";2611606;261160605;"CMEI DA MANGUEIRA";26156776;"MUNICIPAL";"URBANA";"A ESCOLA NÃO ESTÁ EM ÁREA DE LOCALIZAÇÃO DIFERENCIADA";"RUA VINTE E UM DE ABRIL";"1555";NA;"MANGUEIRA";50820000;"81";"33553832";"EM ATIVIDADE";2;"04FEB2022:00:00:00";"23DEC2022:00:00:00";"SECRETARIA DE EDUCAÇÃO";"ADMINITRAÇÃO DIRETA/ PÚBLICA";NA;NA;"SIM";78;78;"INEPDATA";-8,0748347;-34,921292;c(-34.921292, -8.0748347)
"67";2022;"PE";"Recife";2611606;261160605;"CRECHE MUNICIPAL BIDO KRAUSE";26148145;"MUNICIPAL";"URBANA";"A ESCOLA NÃO ESTÁ EM ÁREA DE LOCALIZAÇÃO DIFERENCIADA";"RUA ONZE DE AGOSTO";"S/N";NA;"TOTO";50791465;"81";"33550050";"EM ATIVIDADE";2;"04FEB2022:00:00:00";"23DEC2022:00:00:00";"SECRETARIA DE EDUCAÇÃO";"ADMINITRAÇÃO DIRETA/ PÚBLICA";NA;NA;"SIM";93;93;"INEPDATA";-8,0793956;-34,9697792;c(-34.9697792, -8.0793956)
"68";2022;"PE";"Recife";2611606;261160605;"CMEI BRASILIA TEIMOSA";26153122;"MUNICIPAL";"URBANA";"A ESCOLA NÃO ESTÁ EM ÁREA DE LOCALIZAÇÃO DIFERENCIADA";"RUA DELFIM";"55";NA;"BRASILIA TEIMOSA";51010370;"81";"33553204";"EM ATIVIDADE";2;"04FEB2022:00:00:00";"23DEC2022:00:00:00";"SECRETARIA DE EDUCAÇÃO";"ADMINITRAÇÃO DIRETA/ PÚBLICA";NA;NA;"SIM";73;73;"INEPDATA";-8,08038506;-34,87804824;c(-34.87804824, -8.08038506)
"69";2022;"PE";"Recife";2611606;261160605;"CMEI NOSSO SENHOR JESUS DO BONFIM";26153262;"MUNICIPAL";"URBANA";"A ESCOLA NÃO ESTÁ EM ÁREA DE LOCALIZAÇÃO DIFERENCIADA";"RUA TEIXEIRA DE MELO";"56";NA;"ESTANCIA";50865180;"81";"33553812";"EM ATIVIDADE";2;"04FEB2022:00:00:00";"23DEC2022:00:00:00";"SECRETARIA DE EDUCAÇÃO";"ADMINITRAÇÃO DIRETA/ PÚBLICA";NA;NA;"SIM";81;81;"INEPDATA";-8,08118495;-34,93065872;c(-34.93065872, -8.08118495)
"70";2022;"PE";"Recife";2611606;261160605;"CRECHE MUNICIPAL DE AFOGADOS";26156792;"MUNICIPAL";"URBANA";"A ESCOLA NÃO ESTÁ EM ÁREA DE LOCALIZAÇÃO DIFERENCIADA";"RUA CERRO NEGRO";"215";NA;"AFOGADOS";50770765;"81";"33554830";"EM ATIVIDADE";2;"04FEB2022:00:00:00";"23DEC2022:00:00:00";"SECRETARIA DE EDUCAÇÃO";"ADMINITRAÇÃO DIRETA/ PÚBLICA";NA;NA;"SIM";97;97;"INEPDATA";-8,0842135;-34,9115529;c(-34.9115529, -8.0842135)
"71";2022;"PE";"Recife";2611606;261160605;"CMEI BERNARD VAN DER LEER";26124165;"MUNICIPAL";"URBANA";"A ESCOLA NÃO ESTÁ EM ÁREA DE LOCALIZAÇÃO DIFERENCIADA";"RUA FRANCISCO VALPASSOS";"SN";NA;"BRASILIA TEIMOSA";51010370;"81";"33556554";"EM ATIVIDADE";2;"04FEB2022:00:00:00";"22DEC2022:00:00:00";"SECRETARIA DE EDUCAÇÃO";"ADMINITRAÇÃO DIRETA/ PÚBLICA";NA;NA;"SIM";120;0;"INEPDATA";-8,0854891;-34,8834758;c(-34.8834758, -8.0854891)
"72";2022;"PE";"Recife";2611606;261160605;"CRECHE ESC RECIFE CRECHE ESCOLA RECIFE DA ESTANCIA";26190923;"MUNICIPAL";"URBANA";"A ESCOLA NÃO ESTÁ EM ÁREA DE LOCALIZAÇÃO DIFERENCIADA";"RUA PROFESSOR CALDAS FILHO";"186";NA;"ESTANCIA";50771335;"81";"32234160";"EM ATIVIDADE";2;"04FEB2022:00:00:00";"23DEC2022:00:00:00";"SECRETARIA DE EDUCAÇÃO";"ADMINITRAÇÃO DIRETA/ PÚBLICA";NA;NA;"SIM";124;124;"INEPDATA";-8,08550836;-34,92856197;c(-34.92856197, -8.08550836)
"73";2022;"PE";"Recife";2611606;261160605;"CRECHE ESC RECIFE DO IRAQUE";26184648;"MUNICIPAL";"URBANA";"A ESCOLA NÃO ESTÁ EM ÁREA DE LOCALIZAÇÃO DIFERENCIADA";"RUA HAVAI";NA;NA;"ESTANCIA";50771630;"81";"33553387";"EM ATIVIDADE";2;"04FEB2022:00:00:00";"23DEC2022:00:00:00";"SECRETARIA DE EDUCAÇÃO";"ADMINITRAÇÃO DIRETA/ PÚBLICA";NA;NA;"SIM";77;77;"INEPDATA";-8,0879144;-34,9294959;c(-34.9294959, -8.0879144)
"74";2022;"PE";"Recife";2611606;261160605;"CRECHE MUNICIPAL SENADOR PAULO GUERRA";26153440;"MUNICIPAL";"URBANA";"A ESCOLA NÃO ESTÁ EM ÁREA DE LOCALIZAÇÃO DIFERENCIADA";"RUA ENGENHO CANTO ALEGRE";"S/N";NA;"IMBIRIBEIRA";51150080;"81";"33553291";"EM ATIVIDADE";2;"04MAR2022:00:00:00";"23DEC2022:00:00:00";"SECRETARIA DE EDUCAÇÃO";"ADMINITRAÇÃO DIRETA/ PÚBLICA";NA;NA;"SIM";88;88;"INEPDATA";-8,0886386;-34,9049736;c(-34.9049736, -8.0886386)
"75";2022;"PE";"Recife";2611606;261160605;"CMEI NOVO PINA";26157551;"MUNICIPAL";"URBANA";"A ESCOLA NÃO ESTÁ EM ÁREA DE LOCALIZAÇÃO DIFERENCIADA";"RUA EURICO VITRUVIO";"S/N";NA;"PINA";51011140;"81";"33553221";"EM ATIVIDADE";2;"04MAR2022:00:00:00";"23DEC2022:00:00:00";"SECRETARIA DE EDUCAÇÃO";"ADMINITRAÇÃO DIRETA/ PÚBLICA";NA;NA;"SIM";91;91;"INEPDATA";-8,0921382;-34,8880903;c(-34.8880903, -8.0921382)
"76";2022;"PE";"Recife";2611606;261160605;"CRECHE ESC RECIFE PRESIDENTE TANCREDO NEVES";26186322;"MUNICIPAL";"URBANA";"A ESCOLA NÃO ESTÁ EM ÁREA DE LOCALIZAÇÃO DIFERENCIADA";"AV JOSE RUFINO";"1848";NA;"BARRO";50900660;"81";"32322616";"EM ATIVIDADE";2;"04FEB2022:00:00:00";"23DEC2022:00:00:00";"SECRETARIA DE EDUCAÇÃO";"ADMINITRAÇÃO DIRETA/ PÚBLICA";NA;NA;"SIM";137;137;"INEPDATA";-8,09241105;-34,93921079;c(-34.93921079, -8.09241105)
"77";2022;"PE";"Recife";2611606;261160605;"CRECHE ESCOLA RECIFE GOVERNADOR MIGUEL ARRAES";26185180;"MUNICIPAL";"URBANA";"A ESCOLA NÃO ESTÁ EM ÁREA DE LOCALIZAÇÃO DIFERENCIADA";"RUA DR. GIL RODRIGUES DOS SANTOS";"10";NA;"AREIAS";50860080;"81";"33554105";"EM ATIVIDADE";2;"04FEB2022:00:00:00";"23DEC2022:00:00:00";"SECRETARIA DE EDUCAÇÃO";"ADMINITRAÇÃO DIRETA/ PÚBLICA";NA;NA;"SIM";84;3;"INEPDATA";-8,09589559;-34,92381775;c(-34.92381775, -8.09589559)
"78";2022;"PE";"Recife";2611606;261160605;"CRECHE MUNICIPAL RECIFE 2000";26153130;"MUNICIPAL";"URBANA";"A ESCOLA NÃO ESTÁ EM ÁREA DE LOCALIZAÇÃO DIFERENCIADA";"RUA RIO SOLIMOES";"S/N";NA;"AREIAS";50780231;"81";"33553776";"EM ATIVIDADE";2;"04FEB2022:00:00:00";"23DEC2022:00:00:00";"SECRETARIA DE EDUCAÇÃO";"ADMINITRAÇÃO DIRETA/ PÚBLICA";NA;NA;"SIM";78;78;"INEPDATA";-8,0974941;-34,9372355;c(-34.9372355, -8.0974941)
"79";2022;"PE";"Recife";2611606;261160605;"CRECHE MUNICIPAL SITIO GRANDE";26170728;"MUNICIPAL";"URBANA";"A ESCOLA NÃO ESTÁ EM ÁREA DE LOCALIZAÇÃO DIFERENCIADA";"RUA CARLOS LEONCIO";"123";NA;"IMBIRIBEIRA";51170400;"81";"33553740";"EM ATIVIDADE";2;"04MAR2022:00:00:00";"23DEC2022:00:00:00";"SECRETARIA DE EDUCAÇÃO";"ADMINITRAÇÃO DIRETA/ PÚBLICA";NA;NA;"SIM";83;83;"INEPDATA";-8,0984673;-34,9150076;c(-34.9150076, -8.0984673)
"80";2022;"PE";"Recife";2611606;261160605;"CRECHE MUNICIPAL CHICO MENDES";26167859;"MUNICIPAL";"URBANA";"A ESCOLA NÃO ESTÁ EM ÁREA DE LOCALIZAÇÃO DIFERENCIADA";"RUA SINDICATO DOS VIGILANTES";"633";NA;"CACOTE";50875010;"81";"33554822";"EM ATIVIDADE";2;"04FEB2022:00:00:00";"23DEC2022:00:00:00";"SECRETARIA DE EDUCAÇÃO";"ADMINITRAÇÃO DIRETA/ PÚBLICA";NA;NA;"SIM";29;29;"INEPDATA";-8,10152796;-34,93206383;c(-34.93206383, -8.10152796)
"81";2022;"PE";"Recife";2611606;261160605;"CMEI ESTRELA DA MANHA";26212609;"MUNICIPAL";"URBANA";"A ESCOLA NÃO ESTÁ EM ÁREA DE LOCALIZAÇÃO DIFERENCIADA";"RUA DANCING DAYS";"135";NA;"IMBIRIBEIRA";51180340;"81";"33554818";"EM ATIVIDADE";2;"04FEB2022:00:00:00";"23DEC2022:00:00:00";"SECRETARIA DE EDUCAÇÃO";"ADMINITRAÇÃO DIRETA/ PÚBLICA";NA;NA;"SIM";49;49;"INEPDATA";-8,1026776;-34,921979;c(-34.921979, -8.1026776)
"82";2022;"PE";"Recife";2611606;261160605;"CRECHE ESC RECIFE MAURICEIA DA SILVA DIAS";26188368;"MUNICIPAL";"URBANA";"A ESCOLA NÃO ESTÁ EM ÁREA DE LOCALIZAÇÃO DIFERENCIADA";"RUA ANDRE VIDAL DE NEGREIROS";"35";NA;"BARRO";51345720;"81";"34865696";"EM ATIVIDADE";1;"04FEB2022:00:00:00";"23DEC2022:00:00:00";"SECRETARIA DE EDUCAÇÃO";"ADMINITRAÇÃO DIRETA/ PÚBLICA";NA;NA;"SIM";84;84;"INEPDATA";-8,1071313;-34,957136;c(-34.957136, -8.1071313)
"83";2022;"PE";"Recife";2611606;261160605;"CRECHE MUNICIPAL ISABEL SILVANA DE MELO";26186330;"MUNICIPAL";"URBANA";"A ESCOLA NÃO ESTÁ EM ÁREA DE LOCALIZAÇÃO DIFERENCIADA";"AV DOZE DE JUNHO";"SN";NA;"BARRO";51345003;"81";"94886367";"EM ATIVIDADE";2;"04FEB2022:00:00:00";"23DEC2022:00:00:00";"SECRETARIA DE EDUCAÇÃO";"ADMINITRAÇÃO DIRETA/ PÚBLICA";NA;NA;"SIM";57;57;"INEPDATA";-8,1082966;-34,9534427;c(-34.9534427, -8.1082966)
"84";2022;"PE";"Recife";2611606;261160605;"CRECHE MUNICIPAL PADRE LOURENCO";26153467;"MUNICIPAL";"URBANA";"A ESCOLA NÃO ESTÁ EM ÁREA DE LOCALIZAÇÃO DIFERENCIADA";"RUA PEREIRA CARNEIRO";"172";NA;"IMBIRIBEIRA";51150310;"81";"33553081";"EM ATIVIDADE";2;"04MAR2022:00:00:00";"23DEC2022:00:00:00";"SECRETARIA DE EDUCAÇÃO";"ADMINITRAÇÃO DIRETA/ PÚBLICA";NA;NA;"SIM";90;90;"INEPDATA";-8,1082968;-34,9103786;c(-34.9103786, -8.1082968)
"85";2022;"PE";"Recife";2611606;261160605;"CRECHE MUNICIPAL ARITANA";26171643;"MUNICIPAL";"URBANA";"A ESCOLA NÃO ESTÁ EM ÁREA DE LOCALIZAÇÃO DIFERENCIADA";"RUA MANOEL CAVALCANTI BEZERRA";"37";NA;"IMBIRIBEIRA";51160270;"81";"33554332";"EM ATIVIDADE";2;"04FEB2022:00:00:00";"23DEC2022:00:00:00";"SECRETARIA DE EDUCAÇÃO";"ADMINITRAÇÃO DIRETA/ PÚBLICA";NA;NA;"SIM";53;53;"INEPDATA";-8,10900346;-34,90651305;c(-34.90651305, -8.10900346)
"86";2022;"PE";"Recife";2611606;261160605;"CRECHE MUNICIPAL SONHO DE CRIANCA";26171678;"MUNICIPAL";"URBANA";"A ESCOLA NÃO ESTÁ EM ÁREA DE LOCALIZAÇÃO DIFERENCIADA";"RUA TEOTONIO DE MELO FILHO";"218";NA;"IBURA";51220080;"81";"33556621";"EM ATIVIDADE";2;"04FEB2022:00:00:00";"24DEC2022:00:00:00";"SECRETARIA DE EDUCAÇÃO";"ADMINITRAÇÃO DIRETA/ PÚBLICA";NA;NA;"SIM";92;92;"INEPDATA";-8,11235306;-34,93519423;c(-34.93519423, -8.11235306)
"87";2022;"PE";"Recife";2611606;261160605;"CRECHE MUNICIPAL VILA DOS MILAGRES";26177820;"MUNICIPAL";"URBANA";"A ESCOLA NÃO ESTÁ EM ÁREA DE LOCALIZAÇÃO DIFERENCIADA";"RUA MIGUEL";"14";"MILAGRES";"COHAB";51345600;"81";"33554866";"EM ATIVIDADE";2;"04FEB2022:00:00:00";"23DEC2022:00:00:00";"SECRETARIA DE EDUCAÇÃO";"ADMINITRAÇÃO DIRETA/ PÚBLICA";NA;NA;"SIM";40;40;"INEPDATA";-8,11491411;-34,9452371;c(-34.9452371, -8.11491411)
"88";2022;"PE";"Recife";2611606;261160605;"CRECHE MUNICIPAL ZILDA ARNS";26180685;"MUNICIPAL";"URBANA";"A ESCOLA NÃO ESTÁ EM ÁREA DE LOCALIZAÇÃO DIFERENCIADA";"RUA ANTONIO PAES BARRETO";"S/N";"LOTE 1 Q K";"IMBIRIBEIRA";51160170;"81";"33554306";"EM ATIVIDADE";2;"04FEB2022:00:00:00";"23DEC2022:00:00:00";"SECRETARIA DE EDUCAÇÃO";"ADMINITRAÇÃO DIRETA/ PÚBLICA";NA;NA;"SIM";42;42;"INEPDATA";-8,11492426;-34,90527806;c(-34.90527806, -8.11492426)
"89";2022;"PE";"Recife";2611606;261160605;"CRECHE MUNICIPAL 08 DE MARCO";26183277;"MUNICIPAL";"URBANA";"A ESCOLA NÃO ESTÁ EM ÁREA DE LOCALIZAÇÃO DIFERENCIADA";"RUA ENGENHO BULHOES";"S/N";NA;"IBURA";51230325;"81";"33554357";"EM ATIVIDADE";2;"04FEB2022:00:00:00";"23DEC2022:00:00:00";"SECRETARIA DE EDUCAÇÃO";"ADMINITRAÇÃO DIRETA/ PÚBLICA";NA;NA;"SIM";81;81;"INEPDATA";-8,115097;-34,9373748;c(-34.9373748, -8.115097)
"90";2022;"PE";"Recife";2611606;261160605;"CRECHE MUNICIPAL SONHO DO POVO";26153068;"MUNICIPAL";"URBANA";"A ESCOLA NÃO ESTÁ EM ÁREA DE LOCALIZAÇÃO DIFERENCIADA";"RUA CORDILHEIRA";"S/N";"UR 01";"COHAB";51290570;"81";"33554364";"EM ATIVIDADE";2;"04FEB2022:00:00:00";"23DEC2022:00:00:00";"SECRETARIA DE EDUCAÇÃO";"ADMINITRAÇÃO DIRETA/ PÚBLICA";NA;NA;"SIM";76;76;"INEPDATA";-8,1190869;-34,9455291;c(-34.9455291, -8.1190869)
"91";2022;"PE";"Recife";2611606;261160605;"CRECHE MUNICIPAL DO JORDAO BAIXO";26156695;"MUNICIPAL";"URBANA";"A ESCOLA NÃO ESTÁ EM ÁREA DE LOCALIZAÇÃO DIFERENCIADA";"RUA JOSE DA LAJE";"19";"QUADRA 39";"IBURA";51240755;"81";"33554848";"EM ATIVIDADE";2;"04FEB2022:00:00:00";"24DEC2022:00:00:00";"SECRETARIA DE EDUCAÇÃO";"ADMINITRAÇÃO DIRETA/ PÚBLICA";NA;NA;"SIM";102;102;"INEPDATA";-8,12695736;-34,94129079;c(-34.94129079, -8.12695736)
"92";2022;"PE";"Recife";2611606;261160605;"CMEI JESUS DE NAZARE";26153270;"MUNICIPAL";"URBANA";"A ESCOLA NÃO ESTÁ EM ÁREA DE LOCALIZAÇÃO DIFERENCIADA";"RUA ANGATUBA";"S/N";NA;"IBURA";51240715;"81";"33556974";"EM ATIVIDADE";2;"04MAR2022:00:00:00";"23DEC2022:00:00:00";"SECRETARIA DE EDUCAÇÃO";"ADMINITRAÇÃO DIRETA/ PÚBLICA";NA;NA;"SIM";77;77;"INEPDATA";-8,1291163;-34,9422753;c(-34.9422753, -8.1291163)
"93";2022;"PE";"Recife";2611606;261160605;"ESCOLA MUNICIPAL 14 BIS";26124173;"MUNICIPAL";"URBANA";"A ESCOLA NÃO ESTÁ EM ÁREA DE LOCALIZAÇÃO DIFERENCIADA";"RUA NELSON FERNANDES";"SN";NA;"BOA VIAGEM";51030230;"81";"33550419";"EM ATIVIDADE";2;"04FEB2022:00:00:00";"23DEC2022:00:00:00";"SECRETARIA DE EDUCAÇÃO";"ADMINITRAÇÃO DIRETA/ PÚBLICA";NA;NA;"SIM";42;3;"INEPDATA";-8,1318981;-34,9081883;c(-34.9081883, -8.1318981)
"94";2022;"PE";"Recife";2611606;261160605;"CRECHE ESC RECIFE GOVERNADOR EDUARDO CAMPOS";26185679;"MUNICIPAL";"URBANA";"A ESCOLA NÃO ESTÁ EM ÁREA DE LOCALIZAÇÃO DIFERENCIADA";"RUA VALE DO CARIRI";"S/N";NA;"COHAB";51300000;"81";"33550421";"EM ATIVIDADE";2;"04MAR2022:00:00:00";"23DEC2022:00:00:00";"SECRETARIA DE EDUCAÇÃO";"ADMINITRAÇÃO DIRETA/ PÚBLICA";NA;NA;"SIM";79;79;"INEPDATA";-8,13201846;-34,94859688;c(-34.94859688, -8.13201846)
"95";2022;"PE";"Recife";2611606;261160605;"CRECHE ESCOLA RECIFE DO IBURA";26156610;"MUNICIPAL";"URBANA";"A ESCOLA NÃO ESTÁ EM ÁREA DE LOCALIZAÇÃO DIFERENCIADA";"RUA FRANCISCO VITORIANO";"S/N";"UR 10";"COHAB";51310000;"81";"33553076";"EM ATIVIDADE";2;"04FEB2022:00:00:00";"23DEC2022:00:00:00";"SECRETARIA DE EDUCAÇÃO";"ADMINITRAÇÃO DIRETA/ PÚBLICA";NA;NA;"SIM";178;178;"INEPDATA";-8,1342753;-34,949322;c(-34.949322, -8.1342753)
"96";2022;"PE";"Recife";2611606;261160605;"CRECHE MUNICIPAL CRECHE CRISTO REI JORDAO ALTO";26190656;"MUNICIPAL";"URBANA";"A ESCOLA NÃO ESTÁ EM ÁREA DE LOCALIZAÇÃO DIFERENCIADA";"RUA SERTANIA";"200";NA;"JORDAO";51260390;"81";"33556648";"EM ATIVIDADE";2;"04FEB2022:00:00:00";"23DEC2022:00:00:00";"SECRETARIA DE EDUCAÇÃO";"ADMINITRAÇÃO DIRETA/ PÚBLICA";NA;NA;"SIM";69;69;"INEPDATA";-8,13567;-34,94504333;c(-34.94504333, -8.13567)
